District,Year,Peanut,Cowpea,Cassava,Millet,Maize,Sorghum,Rice,Sheeps,Chickens,Assins,Cows,Goats,Percentage of Lower quintiles households,Percentage of Upper quintiles households,Gini coefficient,Retail price of imported product_Maize,Retail price of imported product_Imported plain breeze rice,Retail price of imported product_Imported fragrant breeze rice,Retail price of local product_Peanut kernels,Retail price of local product_Unshelled peanut,Retail price of local product_Maize,Retail price of local product_Millet,Retail price of local product_Cowpea,Retail price of local product_Sorghum,Producer price_Local husked rice,Producer price_Unshelled peanut,Producer price_Millet,Producer price_Sorghum,Producer price_Shelled peanut,Producer price_Maize,Producer price_Cowpea,Percentage less than -3 ET_Size-for-Age,Percentage less than -2 ET_Size-for-Age,Average reduced centered score (ET)_Size-for-Age,Percentage less than -3 ET_Weight-for-Height,Percentage less than -2 ET_Weight-for-Height,Percentage less than +2 ET_Weight-for-Height,Average reduced centered score (ET)_Weight-for-Height,Percentage less than -3 ET_Weight-for-Age,Percentage less than -2 ET_Weight-for-Age,Percentage less than +2 ET_Weight-for-Age,Average reduced centered score (ET)_Weight-for-Age,Neonatal mortality,Post-neonatal mortality,Child mortality,Juvenile mortality,Child-juvenile mortality ,Electricity,Time to get to water,Wealth factor,Household heads without formal education,Literacy rate of household heads,Female head of household,Female Entrepreneurship Index,Household using insecticide,Households having practiced irrigation,Households having practiced animal husbandry,Average household size,Households using NPK,Households using herbicide
DAKAR,2015,,,,,,,,,,,,,2.5,43.2,0.025,,,,,,,,,,,,,,,,,3,15.6,-0.8,1.2,5.6,1.7,-0.3,2.3,9.3,0.4,-0.7,1.7,1.3,3,1.3,4.2,12.1725,80.4261,4.4772,,,,,,,,,,
DAKAR,2016,257.051,365.6114,5708.0245,,842,192.5,,,,,,,0,55.8,0,227.9421,278.0903,349.0278,600.1975,330.8009,232.1923,233.261,435.0692,238.4838,348.6091,,,,,,,2.5,11.2,-0.5,1.2,4.7,1.9,-0.2,1.3,7.8,0.9,-0.5,1.8,1.3,3.1,1.1,4.2,10.5666,,4.4754,,,,,,,,,,
DAKAR,2017,1884,61,2599,4,630,170,,2588.88,,,,,0,57.6,0.09,226.6025,286.2412,351.9227,626.9218,273.0642,237.0251,247.2689,413.4612,259.0865,347.0907,,,,,,,1.1,7,-0.4,0.5,4.9,1.2,-0.4,0.3,6.5,1,-0.5,2.2,0.6,2.7,0.7,3.4,11.6901,95.9655,4.5611,54.4,46.4,,0.05,8,8,36,4.904,,
DAKAR,2018,56,,2859,,105,,,3556.1944,,,,,1.9,45.9,0.38,226.5506,288.4413,358.138,567.494,356.5538,229.2397,245.5384,567.0194,260.6491,343.8141,,,,,,,2.8,12.5,-0.6,1.1,6.3,1.9,-0.5,2.5,10.2,2.2,-0.6,1.9,1.4,3.2,0.7,3.9,11.5732,96.2527,4.552,51.5,49.7,13.7045,0.3323,,,35.9341,5.3632,,
DAKAR,2019,56,68,2859,,105,,,301655.4113,1385058.4411,,,,4.3,39.5,0.043,218.4352,296.1549,348.724,576.3672,380.2579,215.2331,249.2088,760.0911,218.7759,342.2656,,,,,,,3.2,12.9,-0.8,0.6,5.1,5.2,-0.2,1.1,9,1.3,-0.6,1.9,0.7,2.6,0.5,3.1,11.5547,95.0828,4.4137,45.83,56.71,27.3736,0.0195,,26.8045,97.2277,7.1742,,
DAKAR,2020,456,177,3649,,165,,,,,,,,,,,208.3491,301.8378,348.1956,627.1875,458.9383,201.1766,276.3912,518.2176,213.3702,346.9271,,,,,,,,,,,,,,,,,,,,,,,,,,38.64,69.12,32.1531,0.1726,16.6485,,65.4199,9.765,24.0801,
DAKAR,2021,742,110,3701,,534,,,,,,,,,,,216.1869,301.669,354.1253,682.702,504.7458,203.0665,276.0998,460.5156,210.7106,349.9653,,,,,,,,,,,,,,,,,,,,,,,,,,,,,,,,,,,
DIOURBEL,2015,,,,,,,,,,,,,27.8,9.4,0.278,,,,,,,,,,,,,,,,,6.4,22.9,-1.1,1,7.4,0.6,-0.6,3,16.7,0.4,-1,3.1,1.6,4.8,3.5,8.1,8.5575,61.864,3.2789,,,,,,,,,,
DIOURBEL,2016,16193.5067,3615.1813,7829.4895,27468.5992,304.9022,2986.3618,,143135.7138,123023.6016,19394.0855,54309.8276,107722.2419,12.7,16,1.27,215.276,266.1447,371.3315,582.6742,327.1082,193.068,189.1013,318.3507,210.7465,268.5532,299,208.3333,175,,,,5.3,21.1,-1,1.4,9.1,0.7,-0.6,3.5,17.1,0.2,-1,3.5,2.1,5.6,2.6,8.1,9.1895,,3.4777,,,,,,,,,,
DIOURBEL,2017,17715.6667,3050.6667,6267,28895.6667,265.6667,3161,,310777.2517,205228.6802,26757.4946,169679.8704,158660.806,16.8,12.1,0.31,213.723,273.7897,378.5634,568.9882,285.4342,201.5706,220.0315,297.3853,236.5957,268.6105,299,208.3333,175,,,,3.8,14.8,-0.8,2,8.7,1,-0.7,2.6,13.7,0.6,-0.9,3.1,2.1,5.2,2.2,7.3,10.1728,67.4854,3.1444,91.4152,16.2742,17.8012,0.956,3.8626,,77.1873,9.5195,95.1729,
DIOURBEL,2018,21122.6667,,28625,26345.6667,292,3917.3333,,718312.9581,531447.9497,66813.3923,178639.1559,431110.6101,25.7,7.5,0.27,205.728,273.2514,369.3041,499.0978,254.4959,199.5832,203.2687,506.597,269.0797,276.3002,299,208.3333,175,,,,5.5,22.6,-1.1,0.9,6.9,1.3,-0.5,2.5,16,0.5,-1,2.8,1.3,4.1,2.2,6.2,8.78,52.7014,2.9315,94.61,13.16,10.8646,1.7956,4.5925,3.4575,71.543,10.4074,14.7694,3.2525
DIOURBEL,2019,57378,14438,85875,77973,876,11752,,,,,,,20.1,9.6,0.201,206.2178,289.2563,431.6739,560.2652,310.3203,193.9344,223.8802,691.9938,263.3182,284.3357,299,208.3333,175,,,,5.7,19.6,-1,0.7,7.2,1.3,-0.6,3.1,14.9,0.4,-1,2.6,1.1,3.7,1.2,4.8,8.6772,53.6904,3.1896,89.36,13.07,23.2309,0.5098,3.3774,6.1617,86.9757,9.5744,7.4267,
DIOURBEL,2020,77935,23005,114591,111231,880,19269,,,,,,,,,,210.086,313.3729,444.2745,673.9304,369.6906,221.4053,256.7186,457.7389,264.2339,317.2549,302.7674,209.2245,176.7289,,,,,,,,,,,,,,,,,,,,,,,87.86,16.48,9.4691,0.3972,,,73.425,9.9239,30.0871,
DIOURBEL,2021,54125,17842,95110,85354,712,10227,,,,,,,,,,236.9456,317.7043,446.5076,725.7709,371.3295,243.0053,254.5324,397.8802,257.3696,301.5001,328.2778,221.7708,203.2465,,,,,,,,,,,,,,,,,,,,,,,,,,,,,,,,
FATICK,2015,,,,,,,,,,,,,27.8,9.4,0.278,,,,,,,,,,,,,,,,,6.4,22.9,-1.1,1,7.4,0.6,-0.6,3,16.7,0.4,-1,3.1,1.6,4.8,3.5,8.1,6.6643,30.5031,2.1951,,,,,,,,,,
FATICK,2016,48021.6667,6098.3333,8197.6667,34420.6667,13991,3690.3333,6862,,,,,,32.1,2.6,3.21,225.0102,277.1402,351.3933,641.1516,289.4018,203.4434,196.9959,445.9583,232.4849,261.1978,252.9447,171.0354,196.2951,548.5211,182.3856,304.4775,6.5,19,-1.1,0.8,5.9,0.4,-0.5,2.4,14.3,0.4,-0.9,2.5,1.2,3.8,2.4,6.1,6.3392,,2.2758,,,,,,,,,,
FATICK,2017,76718,1097.6667,9808.3333,63229.6667,13835.6667,3045.3333,4299.3333,49896.5464,188336.2361,19163.2755,44180.1004,143285.1153,22,4.8,0.39,217.6582,297.4248,351.0644,645.459,231.3411,209.9295,221.3668,394.6036,240.759,276.5191,205.6744,200.2224,210.7358,537.2166,184.0192,282.6088,2.6,13.6,-0.7,2.4,12.6,0.3,-0.8,2.8,16.1,0.7,-1,2.7,0.6,3.3,1.9,5.1,9.1117,47.887,2.5823,74.8111,28.511,10.6487,0.8855,4.1665,2.484,78.8202,7.9742,91.3652,5.96
FATICK,2018,76049.6667,,13309.3333,58161,14357.6667,3403.3333,,47829.0814,326851.6237,37935.5878,69319.784,143973.4637,25.7,7.5,0.27,216.7409,301.4954,359.1431,545.9455,203.944,227.6049,221.9646,624.324,315.1611,281.6176,182.6838,190.2415,261.5461,470.1375,196.5397,489.8035,5.5,22.6,-1.1,0.9,6.9,1.3,-0.5,2.5,16,0.5,-1,2.8,1.3,4.1,2.2,6.2,8.298,45.1764,2.4359,76.72,33.8,10.6697,0.3696,2.026,2.4296,68.3181,9.0339,46.743,19.1815
FATICK,2019,228149,4441,39928,174483,43074,10211,7400,199611.9168,497151.0283,69679.7248,141434.033,292054.801,20.1,9.6,0.201,235.9391,300.2205,429.1856,550.0599,244.7549,233.7901,235.4062,987.2828,261.3567,287.5,207.7841,201.9849,215.5476,497.819,195.1938,810.755,5.7,19.6,-1,0.7,7.2,1.3,-0.6,3.1,14.9,0.4,-1,2.6,1.1,3.7,1.2,4.8,8.0442,49.6059,2.5398,66.99,39.4,6.4397,1.364,,,80.682,9.5269,10.1967,
FATICK,2020,241066,20818,47759,277039,96967,24370,17191,,,,,,,,,240.7928,329.5834,481.7366,588.8839,333.2497,231.6361,268.5403,762.5788,266.665,293.3824,278.8902,220.2228,212.5493,480.2194,190.0912,560.2744,,,,,,,,,,,,,,,,,,,,47.45,54.67,10.0986,0.124,,,68.6533,8.0742,25.7648,
FATICK,2021,235009,21014,51823,189593,58624,13327,13585,,,,,,,,,241.5814,320.6687,466.167,650.1088,319.0309,222.7259,259.0397,671.6039,263.6652,299.0114,288.4012,216.681,220.8748,538.1163,196.5712,544.3355,,,,,,,,,,,,,,,,,,,,,,,,,,,,,
KAFFRINE,2015,,,,,,,,,,,,,27.8,9.4,0.278,,,,,,,,,,,,,,,,,6.4,22.9,-1.1,1,7.4,0.6,-0.6,3,16.7,0.4,-1,3.1,1.6,4.8,3.5,8.1,4.2145,49.6319,1.6834,,,,,,,,,,
KAFFRINE,2016,45444.25,122.75,867,17192,7033.25,6388.5,35.5,,,,,,57.7,1.5,5.77,200,266.8932,409.1642,538.0845,244.0072,190.0973,178.5634,452.1363,179.6513,,223.2619,172.1634,190.6146,493.5846,180.1771,400.0417,7.5,23.6,-1.1,1.2,7.8,0.7,-0.6,3.3,17.7,0.3,-1.1,1.5,1.6,3.1,4.4,7.4,9.0291,,1.764,,,,,,,,,,
KAFFRINE,2017,53898,161.25,1215.3333,34475,11688.5,15624.75,200,120595.8483,158200.3607,31330.348,88600.6219,150569.2191,62.7,0.8,0.42,200,272.8388,407.3173,530.181,232.7711,186.667,194.5719,426.4141,170.3988,,208.0475,185.6582,196.0765,487.3941,176.6176,391.6213,9.3,25.8,-1.1,2.5,10.6,1,-0.7,4.7,17.7,0.2,-1.1,2.9,1.8,4.7,1.8,6.4,4.8879,60.1231,1.6348,71.6066,31.8471,9.3105,0.216,11.9348,,87.8039,9.0376,95.5667,43.1106
KAFFRINE,2018,68142.5,,727.25,51085,16021,19604.5,,182561.7463,388450.1992,43578.2506,120584.3128,213285.668,25.7,7.5,0.27,200,279.2232,386.38,398.9543,225.4021,163.8252,170.4878,501.4888,216.1467,,188.694,163.0348,208.4493,361.3938,156.7593,416.4297,5.5,22.6,-1.1,0.9,6.9,1.3,-0.5,2.5,16,0.5,-1,2.8,1.3,4.1,2.2,6.2,5.0402,79.4531,1.7415,83.62,25.15,5.5302,0.9636,20.1109,11.1553,87.0122,10.93,68.407,11.6345
KAFFRINE,2019,272570,1399,2909,204340,64084,78419,289,303585.4711,472599.2237,53686.2679,123420.5769,333869.0148,20.1,9.6,0.201,200,298.0385,438.1944,538.0803,245.2402,182.8721,196.4498,633.6163,217.2605,,209.4646,185.4417,202.5767,503.0761,171.8802,487.5998,5.7,19.6,-1,0.7,7.2,1.3,-0.6,3.1,14.9,0.4,-1,2.6,1.1,3.7,1.2,4.8,6.941,69.0826,1.883,83.32,24.04,15.1431,0.1114,30.8118,59.64,69.393,7.4058,27.8526,29.4039
KAFFRINE,2020,320404,2687,6506,229912,70153,96237,562,,,,,,,,,218.5185,312.7786,481.5846,727.0034,267.7955,213.2253,234.8487,610.7086,216.7829,,242.3417,215.8515,202.5377,663.6261,187.0131,550.164,,,,,,,,,,,,,,,,,,,,81.05,44.6,3.1984,0.2954,33.1817,1.7757,85.2358,10.8813,69.6041,9.0056
KAFFRINE,2021,341096,3260,6806,217546,81217,99607,259,,,,,,,,,290.8565,326.9621,458.4228,697.7206,294.7019,231.9326,239.3915,519.9239,216.6831,,268.0558,214.3465,206.3638,652.7644,202.5699,425.7272,,,,,,,,,,,,,,,,,,,,,,,,,,,,,
KAOLACK,2015,,,,,,,,,,,,,27.8,9.4,0.278,,,,,,,,,,,,,,,,,6.4,22.9,-1.1,1,7.4,0.6,-0.6,3,16.7,0.4,-1,3.1,1.6,4.8,3.5,8.1,8.0931,56.6747,2.5665,,,,,,,,,,
KAOLACK,2016,40488,568,19291,49759.6667,15924.6667,5350.6667,1139.8333,,,,,,29.1,8.1,2.91,180.0212,297.632,368.9792,484.444,249.547,185.6355,173.7261,383.4433,223.8269,276.1123,226.5912,164.7359,178.0715,442.5798,176.6349,192.073,4.1,18.5,-1,0.9,6.3,0.7,-0.5,1.5,12.4,0.4,-0.9,2.8,1.4,4.2,2.5,6.6,7.5965,,2.5047,,,,,,,,,,
KAOLACK,2017,63715.3333,195.3333,23254.3333,52634,23320.6667,3085.3333,1426.3333,85917.7103,122729.7556,18569.8804,104139.3908,92517.0061,21.7,10.1,0.44,176.4274,307.0875,392.4893,498.7083,219.8111,177.5618,195.7908,317.5978,237.197,280.0761,198.7166,185.7312,196.3887,452.7097,166.0308,199.3226,4.9,18.4,-1,1.6,9.9,0.9,-0.7,4.1,17.7,0.7,-1,3.6,1.1,4.7,1.3,6,7.298,64.4498,2.7321,74.7772,33.0227,6.0807,0.723,6.5815,13.8278,65.9346,9.9692,98.101,6.3711
KAOLACK,2018,45745.6667,,10251.6667,44333.3333,16927,5608,,150763.3734,347837.044,33820.8711,190263.1992,217339.3772,25.7,7.5,0.27,174.4574,309.6284,400.1736,400.0418,203.5373,164.5947,168.607,427.8899,250.0292,305.6988,196.8688,158.7972,214.4431,370.8697,152.5946,258.4082,5.5,22.6,-1.1,0.9,6.9,1.3,-0.5,2.5,16,0.5,-1,2.8,1.3,4.1,2.2,6.2,11.0231,74.3871,2.9093,71.75,34.44,5.3758,0.4958,14.4406,15.7457,86.53,11.3625,64.8421,15.2894
KAOLACK,2019,223001,1541,95440,167275,76912,12777,3325,246078.3289,793636.5611,49619.9172,204470.1204,369684.6045,20.1,9.6,0.201,169.8334,300.726,453.9858,477.9828,243.335,180.6505,197.0372,607.0632,224.0989,333.4401,235.5093,186.735,209.9251,442.0037,170.1308,262.0703,5.7,19.6,-1,0.7,7.2,1.3,-0.6,3.1,14.9,0.4,-1,2.6,1.1,3.7,1.2,4.8,9.508,76.1587,2.84,65.79,49.98,3.9265,0.1822,,4.207,70.156,10.0801,32.1744,10.3642
KAOLACK,2020,295037,2517,130403,170355,96943,39733,3042,,,,,,,,,184.4576,313.6893,478.5979,647.9843,309.7067,185.5236,235.7915,523.8335,222.4321,325.9298,275.0149,220.072,195.0446,603.2912,182.4157,429.2898,,,,,,,,,,,,,,,,,,,,67.74,54.01,10.2871,0.204,3.3529,4.4129,74.8169,10.9128,77.4736,
KAOLACK,2021,201310,2136,114306,161352,127948,21946,616,,,,,,,,,218.5165,325.1959,469.8592,699.27,310.213,211.486,222.722,516.1015,231.4417,321.5469,287.5369,212.7318,210.3911,658.455,207.8953,463.1931,,,,,,,,,,,,,,,,,,,,,,,,,,,,,
KEDOUGOU,2015,,,,,,,,,,,,,40.6,3.3,0.406,,,,,,,,,,,,,,,,,7.6,25.5,-1.2,1.3,7.9,0.8,-0.6,4.2,19.1,0.1,-1.1,3.2,2.4,5.6,3.9,9.3,7.3984,27.6813,2.0898,,,,,,,,,,
KEDOUGOU,2016,9432,,,,2811.6667,1070.3333,4331.6667,,,,,,36.1,1.9,3.61,240.9362,276.1485,427.9926,546.6157,220.2449,268.3337,264.8396,560.0683,287.7253,,245,290.625,275,600.0477,200.0045,512.5,10,26.8,-1.3,0.6,5.9,0.7,-0.5,4.9,19,0.4,-1.1,3.4,3.7,7.1,7.5,14,6.185,,1.9406,,,,,,,,,,
KEDOUGOU,2017,4512.3333,196,,,8981,4615,7706.3333,19003.9912,49014.2081,1315.7015,42068.9009,10039.9766,43.9,1.7,0.39,227.7541,286.259,435.058,560.6414,207.6426,255.4196,286.4587,536.4515,294.2292,,245,290.625,275,600.0493,200.0046,512.5,10,28.8,-1.4,1.4,7.5,0.6,-0.5,5.3,21.9,1.2,-1.1,2.5,1.5,4,3.6,7.4,6.6635,27.2969,1.9816,77.3047,38.5928,3.2135,0.8512,25.6661,3.9398,74.5924,5.7109,98.9237,3.249
KEDOUGOU,2018,6840.6667,,,,10407.6667,4126,,12570.6718,24706.6893,,30345.6864,15245.225,45.2,2.2,0.29,237.5014,299.057,427.0438,559.6373,237.8871,248.5314,301.0176,580.9529,299.3657,,245,290.625,275,600.0466,199.9846,512.5,7,23.8,-1.1,1.4,9.3,1.6,-0.6,3.8,18.6,1,-1,3.2,2.4,5.5,3.6,8.9,4.578,46.1707,1.6565,67.22,41.18,10.306,0.57,,5.4376,55.7692,7.3946,37.0177,24.9207
KEDOUGOU,2019,20522,239,,8239,69512,17998,93544,40670.7632,67062.9459,,76631.8585,40691.5154,45.5,6.3,0.455,242.9572,303.6622,436.0693,577.8467,224.1389,228.9884,268.7782,619.9128,276.9045,,245,290.625,275,600.0495,187.4949,512.5,6.4,22.3,-1.1,1.8,10.6,0.9,-0.7,4.3,19,0.3,-1.1,2.5,2,4.5,2.8,7.1,7.0117,36.2212,2.2101,70.17,36.6,11.4959,0.3376,16.5469,,72.0938,9.6937,53.8297,
KEDOUGOU,2020,14007,550,9185,,45521,14117,38279,,,,,,,,,239.4401,323.1961,453.9874,665.665,245.1573,226.8481,298.0788,586.1986,291.1367,,244.5052,291.054,276.36,604.765,184.1959,519.7859,,,,,,,,,,,,,,,,,,,,71.07,40.78,15.2002,0.4468,6.6205,,58.2809,7.7089,40.5025,59.8729
KEDOUGOU,2021,23214,328,1205,305,51295,11315,17830,,,,,,,,,240.5948,327.7276,457.5691,776.5024,277.3403,228.1115,314.2922,649.9258,309.2191,,248.3854,297.9167,294.184,672.0633,206.1367,579.8206,,,,,,,,,,,,,,,,,,,,,,,,,,,,,
KOLDA,2015,,,,,,,,,,,,,40.6,3.3,0.406,,,,,,,,,,,,,,,,,7.6,25.5,-1.2,1.3,7.9,0.8,-0.6,4.2,19.1,0.1,-1.1,3.2,2.4,5.6,3.9,9.3,4.1327,48.695,1.7688,,,,,,,,,,
KOLDA,2016,25599.3333,370.6667,3457,11222.6667,9636.6667,8989,39280.3333,,,,,,59.7,2.1,5.97,225.4852,279.1505,417.8634,590.6272,254.3663,216.4409,228.3195,552.165,227.2044,322.0434,212.4274,192.9581,205.2602,357.8475,196.3957,506.492,8,28.2,-1.3,1.2,8.9,1,-0.6,5,20.4,0.2,-1.2,3.9,2.4,6.3,4.5,10.5,3.5666,,1.66,,,,,,,,,,
KOLDA,2017,37762.3333,213,3592,9264.3333,23816.6667,11435.3333,86022,178322.3183,267663.0488,46833.3313,407982.9804,192789.636,66.5,1.7,0.55,248.3536,285.0096,416.667,604.6306,245.5667,230.6771,245.0758,543.6714,255.8721,284.8408,220.4087,199.8916,188.8325,440.6942,195.5811,496.2226,8.9,31.6,-1.4,0.7,5.9,1.3,-0.4,3.3,18.3,0.7,-1.1,2.3,2.2,4.5,4.7,8.9,3.9187,38.2449,1.6986,88.2778,25.4734,12.5985,0.6347,17.007,2.5629,94.9005,12.2672,86.7583,
KOLDA,2018,75218,,2196.3333,15910.6667,31894.6667,12530,,199970.9816,335366.0402,44328.6981,376943.9287,202314.5942,45.2,2.2,0.29,233.2165,285.1823,407.4942,503.7114,236.083,221.3709,224.34,595.5195,257.7202,297.0374,242.1372,170.4333,164.5538,399.4957,178.5834,464.7727,7,23.8,-1.1,1.4,9.3,1.6,-0.6,3.8,18.6,1,-1,3.2,2.4,5.5,3.6,8.9,3.7025,59.3341,1.5869,86.91,17.61,5.3753,0.9234,,4.7205,92.8839,11.8518,39.8467,18.1811
KOLDA,2019,225654,1012,6590,44167,47350,16182,127972,214989.7438,745483.6837,58676.9291,415107.1814,257578.1204,45.5,6.3,0.455,203.1166,302.5811,440.1432,513.9358,253.0691,212.8186,232.4928,765.9524,243.7441,304.6429,273.8055,190.0771,185.8984,348.7557,175.0784,437.5,6.4,22.3,-1.1,1.8,10.6,0.9,-0.7,4.3,19,0.3,-1.1,2.5,2,4.5,2.8,7.1,4.8371,55.7899,1.8023,76.98,26.74,9.8298,0.1142,6.3486,8.0048,73.7814,9.885,13.1643,
KOLDA,2020,308742,1853,15074,82633,182702,56463,357690,,,,,,,,,199.0774,315.251,464.7187,654.9831,312.4404,228.7539,262.8321,666.9812,252.7001,335.806,256.9483,203.592,172.1595,432.8124,187.4595,420.0994,,,,,,,,,,,,,,,,,,,,72.88,34.44,4.5397,0.2621,4.912,6.832,80.1018,10.4149,40.8718,45.3757
KOLDA,2021,308925,1929,16142,71044,169517,61809,376078,,,,,,,,,210.044,307.3183,453.9037,691.7517,320.7161,233.7911,267.8569,619.6875,256.971,339.0374,291.7337,210.1021,197.5071,527.3939,193.4392,459.0383,,,,,,,,,,,,,,,,,,,,,,,,,,,,,
LOUGA,2015,,,,,,,,,,,,,20.1,8.9,0.201,,,,,,,,,,,,,,,,,4,18.9,-1,2.9,12.4,0.9,-0.7,4.2,19.8,0.3,-1.1,2.1,1.8,3.9,1.1,5,5.6008,59.9795,2.6886,,,,,,,,,,
LOUGA,2016,36316.6667,14870.3333,15356.5,13935.3333,1066.5,1490.6667,,,,,,,29.2,10.4,2.92,231.9672,271.95,375.0909,655.624,244.3027,203.9914,205.705,256.3309,238.9747,256.8707,,,,,,388,3.1,15.8,-1,2.2,9.6,0.8,-0.6,3.4,16.1,0.3,-1,2.7,1.4,4.1,1.2,5.2,7.5957,,2.6216,,,,,,,,,,
LOUGA,2017,59389,22396.3333,24229,26492.3333,1544,457.3333,228,726976.2636,366931.9213,61747.4922,465470.1014,435903.5557,22.8,6.8,0.33,207.3318,276.5324,374.6959,604.0487,236.5902,200.4401,239.9815,243.4664,249.1721,256.4389,,,,,,388,3,16.1,-1,2.2,13.8,0.5,-0.8,3,17.5,0.3,-1.1,3.3,1.5,4.8,1.7,6.4,8.3975,79.0297,2.6182,75.095,33.4347,6.0633,0.7044,14.2881,,84.6398,8.8211,100,6.2896
LOUGA,2018,34855.6667,,25510,12742.3333,1129,268,,962014.0572,369025.3451,74202.1567,368575.9013,475581.6397,23.1,6.1,0.1,188.873,294.3142,368.0338,399.3911,254.1981,200.8935,213.9999,377.9748,256.8396,267.417,,,,,,388,3.9,17.4,-0.9,1.9,11.1,1.1,-0.8,3.5,18.9,0.5,-1.1,2.5,1.5,4.1,1.4,5.4,7.9199,77.2608,2.6796,80.37,26.49,9.2657,0.488,18.6253,2.7091,92.1624,8.9256,11.2168,5.5822
LOUGA,2019,61272,95377,76530,26945,3387,804,,1834333.904,313162.7326,158455.7143,546824.0049,817020.5152,26.1,12.1,0.261,193.9044,303.852,395.6655,413.487,273.3201,211.1383,240.8466,603.6989,262.5,293.7541,,,,,,388,5,17.9,-1,2.7,12.8,0.9,-0.8,5,17.7,0.3,-1.1,2.8,1.7,4.5,0.9,5.3,8.7909,74.8286,2.9398,79.19,27.47,10.6728,0.4872,6.6644,3.0222,84.0655,8.3179,5.7866,4.3649
LOUGA,2020,108974,162287,88027,45637,3773,2030,,,,,,,,,,188.6376,330.948,410.8037,552.9811,291.786,208.9244,279.854,423.2897,268.1604,283.9707,,,,,,388,,,,,,,,,,,,,,,,,,,,80.53,31.12,9.4596,0.1385,9.2664,4.0172,89.9441,8.3118,10.4251,
LOUGA,2021,114683,129193,92471,44470,3307,1252,,,,,,,,,,205.9128,332.2694,413.7045,691.0727,332.4746,217.523,280.0225,380.6238,272.3251,292.1309,,,,,,375.5833,,,,,,,,,,,,,,,,,,,,,,,,,,,,,
MATAM,2015,,,,,,,,,,,,,20.1,8.9,0.201,,,,,,,,,,,,,,,,,4,18.9,-1,2.9,12.4,0.9,-0.7,4.2,19.8,0.3,-1.1,2.1,1.8,3.9,1.1,5,6.4755,65.5388,2.4749,,,,,,,,,,
MATAM,2016,309,133.6667,,3270,602.6667,573.3333,44265,,,,,,20.4,2.4,2.04,210.3235,266.411,363.7378,646.5223,357.9843,218.7566,239.8084,532.064,224.4756,264.5963,,,,,250,,5.8,23,-1.1,2.7,12.7,0.9,-0.8,4.4,23.8,0.3,-1.2,1.7,2.5,4.2,1.4,5.5,6.7038,,2.5057,,,,,,,,,,
MATAM,2017,289,1926.6667,,3174,1534,1110.6667,52242,251019.9826,44005.2653,13045.0827,114003.6744,132905.5281,25.8,1,0.31,231.6137,281.8725,353.6957,622.2512,378.3059,235.4974,269.9695,538.8407,243.4358,269.9618,,,,,250,,5,19.7,-1,2.5,15,0.4,-1,5.3,22.4,0.4,-1.2,3.3,2.2,5.5,1.7,7.1,7.4054,71.1706,2.4348,95.3868,,9.4163,0.7352,7.5186,25.0847,74.127,7.9906,97.1037,3.9117
MATAM,2018,900.6667,,1758.3333,7152,564.6667,5423,,313350.702,41063.7825,11279.054,196451.6681,206890.5849,23.1,6.1,0.1,246.4535,290.1606,370.8987,545.4639,324.9074,266.3804,256.5634,606.9815,297.693,291.4321,,,,,250,,3.9,17.4,-0.9,1.9,11.1,1.1,-0.8,3.5,18.9,0.5,-1.1,2.5,1.5,4.1,1.4,5.4,8.4041,64.5252,2.3874,96.02,8.06,21.4573,0.1908,8.2846,30.6558,76.4278,11.6462,20.2316,20.8104
MATAM,2019,976,4980,5275,9136,1694,13180,,1350161.063,152526.2438,65087.7561,290325.5752,770953.1943,26.1,12.1,0.261,248.6576,303.5397,407.3111,565.2351,291.535,274.222,258.1477,623.5639,310.8214,300.9898,,,,,250,,5,17.9,-1,2.7,12.8,0.9,-0.8,5,17.7,0.3,-1.1,2.8,1.7,4.5,0.9,5.3,8.3859,79.0826,2.4756,94.1,21.38,6.8082,0.0956,3.1475,,69.6067,9.8747,13.1707,
MATAM,2020,1910,2785,8003,19738,298,11532,51823,,,,,,,,,258.143,321.0833,469.6202,666.679,375.4034,237.7094,290.1907,757.3515,284.6415,305.7439,,,,,250,,,,,,,,,,,,,,,,,,,,,86.09,20.78,14.5838,0.1156,,18.3424,59.8135,11.2072,17.6539,
MATAM,2021,2648,6445,3103,19151,3066,8694,72930,,,,,,,,,257.1484,324.8463,484.8979,674.9011,490.0704,280.1297,283.8851,760.4564,295.0585,306.3213,,,,,250,,,,,,,,,,,,,,,,,,,,,,,,,,,,,,
SAINT-LOUIS,2015,,,,,,,,,,,,,20.1,8.9,0.201,,,,,,,,,,,,,,,,,4,18.9,-1,2.9,12.4,0.9,-0.7,4.2,19.8,0.3,-1.1,2.1,1.8,3.9,1.1,5,7.5132,73.133,2.856,,,,,,,,,,
SAINT-LOUIS,2016,2336,699,2809,703.3333,2742.5,322.6667,198887.5,,,,,,19.7,9.7,1.97,231.4249,279.1124,401.0764,661.092,326.2126,217.6615,236.8461,534.7473,240.8348,274.7448,,,,,,433,4.1,18.9,-1,2.3,11.2,0.7,-0.7,3.8,18.7,0.5,-1.1,2.1,1.5,3.6,1.3,4.8,8.5191,,2.7922,,,,,,,,,,
SAINT-LOUIS,2017,7167.5,671,50000,68.6667,4506,198.3333,200073,155993.8356,16339.4276,9141.602,61730.0296,109215.7084,20,9.5,0.32,245.6277,288.85,401.0774,654.1376,294.9392,240.7681,265.4717,483.7296,261.4451,293.6436,,,,,,433,3.1,17,-0.9,0.9,9.2,0.5,-0.7,1.7,16.2,0.2,-1,2.7,1.4,4.1,1,5.1,9.1209,74.2785,2.9604,85.5626,29.3572,4.6302,0.8322,3.4632,71.9543,85.5092,8.7104,100,31.9493
SAINT-LOUIS,2018,1365.3333,,19350,199,3118,1995,,139216.9974,18454.1228,4627.5293,81155.5286,101858.4593,23.1,6.1,0.1,241.2122,299.9603,401.6493,570.1073,275.2553,238.3699,251.0758,646.477,253.4133,289.9269,,,,,,433,3.9,17.4,-0.9,1.9,11.1,1.1,-0.8,3.5,18.9,0.5,-1.1,2.5,1.5,4.1,1.4,5.4,10.1164,84.0105,3.0009,88.47,20.01,15.6252,0.127,10.8062,50.8769,68.3055,9.8512,49.1331,49.0666
SAINT-LOUIS,2019,4095,4076,58050,338,14455,7101,,553872.2138,332429.6169,5184.1442,302078.9062,319159.2653,26.1,12.1,0.261,230.4426,302.5945,401.8229,636.6102,328.0488,241.4056,269.7344,835.4566,282.3642,283.4773,,,,,,433,5,17.9,-1,2.7,12.8,0.9,-0.8,5,17.7,0.3,-1.1,2.8,1.7,4.5,0.9,5.3,8.0366,64.3799,2.9767,74.48,28.65,5.9901,0.4138,9.1985,11.4246,79.7855,10.0064,35.0458,36.9421
SAINT-LOUIS,2020,8324,5678,40041,1572,5294,2833,420435,,,,,,,,,234.8976,315.2123,464.8691,784.3415,381.0758,257.0303,317.8917,731.692,299.7968,287.4016,,,,,,433,,,,,,,,,,,,,,,,,,,,60.14,56.8,13.33,0.0844,23.3405,58.9765,63.5078,6.6129,45.6009,33.9373
SAINT-LOUIS,2021,6923,3694,43026,1425,13707,2807,493335,,,,,,,,,237.2144,307.0186,490.0938,826.1555,401.2968,260.4891,309.415,654.9962,299.7964,293.53,,,,,,435.3819,,,,,,,,,,,,,,,,,,,,,,,,,,,,,
SEDHIOU,2015,,,,,,,,,,,,,40.6,3.3,0.406,,,,,,,,,,,,,,,,,7.6,25.5,-1.2,1.3,7.9,0.8,-0.6,4.2,19.1,0.1,-1.1,3.2,2.4,5.6,3.9,9.3,5.0314,34.8111,2.1861,,,,,,,,,,
SEDHIOU,2016,13400,1207.3333,1513.6667,6059.6667,8138.3333,1644.6667,23573.6667,,,,,,34.8,1.2,3.48,275,275,384.9849,522.6585,214.4114,211.9766,182.9539,541.8681,216.991,349.9999,209.7467,162.0041,200,446.2866,189.6998,376.0903,8.7,24.6,-1.2,1.6,7.6,0.9,-0.6,5.3,17.7,0.4,-1.1,2.9,2.2,5.2,2.8,7.8,5.6575,,1.9091,,,,,,,,,,
SEDHIOU,2017,16857.3333,320.3333,1919,12664.6667,24682,10176.6667,35466.6667,30417.2905,162396.6002,9358.0808,57908.636,43913.2516,43,0.6,0.39,273.6256,286.1901,396.1912,527.6562,237.6324,218.1895,207.3876,525.2464,231.3869,349.9999,201.4001,184.771,200,457.0308,194.2584,418.0456,7.8,26.6,-1.3,1.3,10.1,1.3,-0.6,4.1,22.5,0.5,-1.2,3.5,1.8,5.3,2.6,7.8,4.9124,40.6997,1.8836,71.5071,33.7451,12.4553,0.3655,6.1169,6.1523,60.1042,9.9778,100,
SEDHIOU,2018,23720.3333,,2103.3333,15048.6667,29118,9459.6667,,60957.9621,249366.9491,13708.4182,82080.844,88420.646,45.2,2.2,0.29,261.0677,296.2242,397.1772,486.743,199.4456,205.1137,182.9944,554.8763,236.8753,349.9999,186.4096,157.451,200.6944,411.5093,179.5566,357.6929,7,23.8,-1.1,1.4,9.3,1.6,-0.6,3.8,18.6,1,-1,3.2,2.4,5.5,3.6,8.9,6.6089,42.3107,1.9167,69.4,41.65,8.9811,0.885,10.1539,8.3875,62.3307,12.3447,45.703,37.3719
SEDHIOU,2019,53241,1346,6310,23668,64849,72019,62831,94956.1689,444722.5448,20152.8155,202928.2034,142337.9634,45.5,6.3,0.455,233.015,303.4798,431.1083,522.6806,214.0857,213.2927,214.0211,733.1771,263.2027,348.8435,195.6239,176.0854,199.0596,422.5507,183.7543,497.9066,6.4,22.3,-1.1,1.8,10.6,0.9,-0.7,4.3,19,0.3,-1.1,2.5,2,4.5,2.8,7.1,4.8953,33.5324,1.7828,70.99,29.86,14.0933,0.1529,,21.3894,84.9904,13.0945,22.3337,12.5073
SEDHIOU,2020,88982,1224,9185,86933,160989,47712,333011,,,,,,,,,225,315.3631,448.4819,670.1273,269.2028,244.1056,261.488,652.7459,393.7463,365.0941,249.989,175.3826,199.8987,593.8361,196.7973,505.3683,,,,,,,,,,,,,,,,,,,,72.79,41.43,7.4676,0.7276,3.2148,5.2683,58.7632,11.6782,47.013,10.1095
SEDHIOU,2021,100130,2858,9855,113501,137985,49430,292022,,,,,,,,,225,314.8684,455.3987,727.5087,306.0201,229.5553,242.02,604.7372,374.8935,364.8923,283.6592,203.1073,200,659.6992,197.7062,516.7729,,,,,,,,,,,,,,,,,,,,,,,,,,,,,
TAMBACOUNDA,2015,,,,,,,,,,,,,40.6,3.3,0.406,,,,,,,,,,,,,,,,,7.6,25.5,-1.2,1.3,7.9,0.8,-0.6,4.2,19.1,0.1,-1.1,3.2,2.4,5.6,3.9,9.3,8.4171,31.8265,1.8201,,,,,,,,,,
TAMBACOUNDA,2016,22694.25,180.5,1004,10940.75,12439.75,5943.75,1026.25,,,,,,59.8,2.7,5.98,200,264.3293,432.9722,490.5212,226.3363,167.6411,170.9592,479.7051,187.5233,,191.889,130.8175,142.0202,384.0381,121.8175,370.1738,8,26.5,-1.2,1.8,9.5,0.4,-0.7,5,21,0.5,-1.2,2.8,2,4.8,6,10.5,8.392,,1.9504,,,,,,,,,,
TAMBACOUNDA,2017,25140.25,39.5,504.5,9567.5,11839,4882.75,1248,320594.8343,273451.7973,32315.742,190618.819,288798.6119,48.9,3.2,0.48,200,272.5051,429.3257,499.3016,228.1228,181.3679,201.5911,474.6263,213.4011,,188.4611,159.983,171.0392,399.891,144.8532,373.4536,8.7,26,-1.3,2.2,10.2,0.4,-0.7,5.7,21.2,0.5,-1.2,2.7,2.2,4.9,3.3,8,6.3608,52.5827,2.0463,91.3793,13.9889,4.2829,0.6785,31.8822,5.7312,67.4764,7.883,99.3814,19.8027
TAMBACOUNDA,2018,40506,,273.75,11633.25,15542.25,18066.75,,315531.3916,211796.6338,38813.7346,190524.7247,272721.4784,45.2,2.2,0.29,200,279.0984,438.5842,433.5226,197.9251,185.8041,197.4296,466.8418,222.4062,,166.8532,153.9547,186.4165,354.6842,149.4149,366.5212,7,23.8,-1.1,1.4,9.3,1.6,-0.6,3.8,18.6,1,-1,3.2,2.4,5.5,3.6,8.9,6.5731,51.9346,2.0809,91.69,12.99,8.3399,0.4786,6.4517,11.6599,71.1313,9.4314,29.4063,6.0978
TAMBACOUNDA,2019,161941,2778,1095,46189,36420,18816,678,373520.8545,194880.8272,48339.4859,470565.1904,411041.5283,45.5,6.3,0.455,200,300.1532,453.0307,485.7442,213.0782,194.653,206.8772,521.4718,219.7054,,181.9923,162.092,184.8469,402.9724,151.8564,422.7064,6.4,22.3,-1.1,1.8,10.6,0.9,-0.7,4.3,19,0.3,-1.1,2.5,2,4.5,2.8,7.1,9.4567,65.959,2.5559,87.6,18.05,2.7628,0.8071,16.2737,2.4955,65.453,10.4632,68.3345,2.7452
TAMBACOUNDA,2020,197950,4289,12348,56544,97541,62457,21403,,,,,,,,,200,350.8216,480.6159,560.1116,315.204,198.4719,236.4241,533.862,222.124,,229.49,185.4439,186.4511,457.6442,154.6732,404.576,,,,,,,,,,,,,,,,,,,,90.04,20,5.9246,0.101,4.0722,7.999,71.5342,11.0607,23.5,6.384
TAMBACOUNDA,2021,159639,4514,13959,61433,100634,62554,27627,,,,,,,,,201.5625,352.236,494.7593,553.5528,294.3099,204.3889,239.0662,524.7706,231.1262,,249.2835,197.8416,187.623,450.3753,168.0493,421.6099,,,,,,,,,,,,,,,,,,,,,,,,,,,,,
THIES,2015,,,,,,,,,,,,,2.5,43.2,0.025,,,,,,,,,,,,,,,,,3,15.6,-0.8,1.2,5.6,1.7,-0.3,2.3,9.3,0.4,-0.7,1.7,1.3,3,1.3,4.2,11.0594,73.7616,3.4789,,,,,,,,,,
THIES,2016,21727.3333,2807.6667,174326.6667,18947.3333,697.5,6072,117,,,,,,5.1,17.3,0.51,240.0591,284.4948,374.3968,678.4804,375.572,237.0396,222.3841,417.2547,234.7513,257.085,309.7345,197.268,180.3107,634.9189,209.5656,355.7898,3.3,15.8,-0.9,0.8,5.6,1.1,-0.4,1.5,10.1,0.4,-0.8,1.5,1.1,2.6,0.8,3.4,10.777,,3.4511,,,,,,,,,,
THIES,2017,34729.3333,5174.3333,170600,36745.6667,810.6667,2361.6667,,126937.4257,280671.6876,24903.2936,93983.6544,68022.0574,6.4,15.9,0.31,230.0126,286.9965,392.9764,599.3187,277.7711,229.6749,234.4067,358.2791,236.7288,256.1354,234.8635,207.1629,212.3033,549.7974,211.1838,268.8659,3.1,12.7,-0.7,1.3,9.9,1.2,-0.7,1.9,11.3,0.4,-0.8,2.4,1.6,4,1.5,5.5,10.5227,78.6919,3.3283,81.9964,26.7402,6.0263,0.7413,22.1191,3.804,70.737,9.0607,95.7809,72.0097
THIES,2018,29115,,213050,20079,892,3540,,248118.7606,456134.8947,28035.3149,183666.0744,122605.9934,1.9,45.9,0.38,227.8454,297.8389,399.9023,544.9543,284.7428,220.6264,215.0801,488.2844,236.4587,262.1304,250.8583,181.4189,200.5409,492.8824,211.7218,412.3338,2.8,12.5,-0.6,1.1,6.3,1.9,-0.5,2.5,10.2,2.2,-0.6,1.9,1.4,3.2,0.7,3.9,11.6925,89.2335,3.4829,82.84,22.07,11.0125,0.4208,19.0916,7.4708,81.6988,11.5222,22.0886,7.1917
THIES,2019,87345,18744,639150,40770,52638,30893,17000,475625.9044,1510687.4509,49436.1214,215270,288431.3642,4.3,39.5,0.043,226.7574,286.9002,400,560.1274,280.1393,216.4629,233.2155,693.903,254.2342,264.8628,291.8801,201.3357,227.8268,498.7773,196.9853,596.5333,3.2,12.9,-0.8,0.6,5.1,5.2,-0.2,1.1,9,1.3,-0.6,1.9,0.7,2.6,0.5,3.1,10.5104,77.036,3.514,72.77,28.95,12.7957,0.5691,,,52.7895,8.5874,25.9856,73.7071
THIES,2020,117808,38906,864504,104004,1989,11638,,,,,,,,,,229.5715,293.2946,400.7708,621.9739,333.689,238.7172,268.9151,482.3038,268.6044,277.4475,294.8831,218.4436,237.1409,606.2721,206.9384,337.4496,,,,,,,,,,,,,,,,,,,,65.77,44.52,10.1376,0.0851,11.6577,10.2189,73.4584,10.1948,26.4924,
THIES,2021,84009,44890,863456,70573,1712,8783,,,,,,,,,,240.3614,321.5283,406.8833,704.8204,415.1663,246.4184,275.938,415.2759,262.9907,289.3409,361.32,229.4387,222.3521,674.2556,216.6931,331.267,,,,,,,,,,,,,,,,,,,,,,,,,,,,,
ZIGUINCHOR,2015,,,,,,,,,,,,,40.6,3.3,0.406,,,,,,,,,,,,,,,,,7.6,25.5,-1.2,1.3,7.9,0.8,-0.6,4.2,19.1,0.1,-1.1,3.2,2.4,5.6,3.9,9.3,9.5373,39.4611,2.8409,,,,,,,,,,
ZIGUINCHOR,2016,10505.3333,639.6667,900,2379,1775.3333,249,31145,,,,,,6.5,5.3,0.65,300,276.4283,481.966,635.464,255.056,262.5417,255.9184,606.4082,282.8568,363.6942,300,,271.0047,,250,,3.5,17.2,-0.9,0,5.7,1.1,-0.4,1.1,9.5,0.4,-0.8,3.4,1.9,5.3,1.2,6.5,8.5801,,2.9234,,,,,,,,,,
ZIGUINCHOR,2017,10340.3333,151.3333,150.6667,1094,899,257.5,47068,21113.4517,150181.006,,29296.8674,63970.3274,12.7,6.2,0.35,300,285.7038,436.4537,642.1745,259.2153,271.0359,272.4783,596.1024,295.3299,338.6016,300,,271.0047,,250,,4.1,16.3,-0.9,0.3,5.2,1.6,-0.4,1.6,10.2,0.7,-0.8,2.6,1.7,4.3,1.3,5.5,9.2963,56.8368,2.739,39.8627,62.361,7.6555,0.8282,,10.6985,76.6356,9.6553,83.3879,9.4329
ZIGUINCHOR,2018,12207.6667,,930.6667,1459,1307,196,,16525.2449,199549.82,,48729.3473,44122.2756,45.2,2.2,0.29,300,292.1663,403.9904,623.9294,284.2659,258.3825,255.9172,669.6123,304.9479,323.4437,300,,271.0047,,250,,7,23.8,-1.1,1.4,9.3,1.6,-0.6,3.8,18.6,1,-1,3.2,2.4,5.5,3.6,8.9,9.0393,56.8416,2.7301,46.42,55.97,26.5761,0.6787,,5.8712,70.5336,9.0311,5.6934,4.0029
ZIGUINCHOR,2019,35885,618,2792,4097,4785,1019,84238,69959.4978,726266.7212,,64544.3095,143983.1283,45.5,6.3,0.455,300,302.808,429.8258,669.2708,417.4261,252.474,255.8449,800.531,296.6667,371.2174,300,,271.0247,,250,,6.4,22.3,-1.1,1.8,10.6,0.9,-0.7,4.3,19,0.3,-1.1,2.5,2,4.5,2.8,7.1,10.7968,69.8499,2.6501,53.81,50.64,4.174,0.7712,5.0317,,75.5718,10.7826,37.9415,10.7165
ZIGUINCHOR,2020,44995,1420,3701,11807,3574,589,208405,,,,,,,,,301.4019,326.8608,448.6454,875.1939,491.8714,279.755,296.8605,725.5545,315.4823,394.086,304.4643,,271.5867,,251.6493,,,,,,,,,,,,,,,,,,,,,46.06,56.3,23.2735,0.4194,4.1099,,87.4051,8.1425,18.7775,
ZIGUINCHOR,2021,45352,981,13926,4113,4361,723,87839,,,,,,,,,308.6476,326.0417,448.3264,853.6759,529.4362,286.0561,290.8763,651.7199,326.5735,366.5139,394.5437,,279.945,,256.4236,,,,,,,,,,,,,,,,,,,,,,,,,,,,,,
